step,system_total_stopped,system_total_waiting_time,system_mean_waiting_time,system_mean_speed,center_stopped,center_accumulated_waiting_time,center_average_speed,agents_total_stopped,agents_total_accumulated_waiting_time
0.0,0,0.0,0.0,0.0,0,0.0,1.0,0,0.0
5.0,0,0.0,0.0,11.716927322210156,0,0.0,0.8518131026848496,0,0.0
10.0,0,0.0,0.0,12.07097321931296,0,0.0,0.9428592265147739,0,0.0
15.0,0,0.0,0.0,12.356074548652847,0,0.0,0.9731477427733157,0,0.0
20.0,0,0.0,0.0,12.142549697413521,0,0.0,0.9336588431430208,0,0.0
25.0,1,3.0,0.17647058823529413,10.962269826246317,1,3.0,0.7897243205223808,1,3.0
30.0,4,18.0,0.9473684210526315,9.879349679272877,4,18.0,0.6677258738339938,4,18.0
35.0,0,0.0,0.0,8.279810172190736,0,2.0,0.5940470731352266,0,2.0
40.0,2,10.0,0.4,9.222731950113802,2,10.0,0.6176837175258078,2,10.0
45.0,2,5.0,0.18518518518518517,9.56017934537182,2,7.0,0.6198673746286409,2,7.0
50.0,4,22.0,0.7586206896551724,9.71878075940128,4,22.0,0.5107893397920681,4,22.0
55.0,2,5.0,0.15625,10.26381633478336,2,16.0,0.6305247678122351,2,16.0
60.0,1,6.0,0.18181818181818182,11.893047360891105,1,5.0,0.8631312106423742,1,5.0
65.0,2,3.0,0.0967741935483871,10.063803249203806,2,3.0,0.5456950357584739,2,3.0
70.0,6,26.0,0.8666666666666667,9.762927472277243,6,26.0,0.5449827261807265,6,26.0
75.0,2,6.0,0.1935483870967742,9.483266318801029,2,27.0,0.5955602312862761,2,27.0
80.0,6,20.0,0.6666666666666666,8.950026256756832,5,21.0,0.5123496295921908,5,21.0
85.0,2,6.0,0.1935483870967742,8.861524366460666,2,24.0,0.5354656554793286,2,24.0
90.0,3,9.0,0.3103448275862069,9.195131211690866,3,31.0,0.48997364559924694,3,31.0
95.0,2,9.0,0.28125,10.266238863027246,2,27.0,0.6439904990031748,2,27.0
100.0,5,18.0,0.5294117647058824,9.93776883034565,4,37.0,0.5686350087447155,4,37.0
105.0,2,7.0,0.21212121212121213,9.350197413321254,2,32.0,0.5201772805192871,2,32.0
110.0,6,34.0,1.0625,9.694637602542567,6,59.0,0.5179530496569466,6,59.0
115.0,8,70.0,2.3333333333333335,8.41185266464618,8,95.0,0.44079877678480484,8,95.0
120.0,12,124.0,4.0,6.704017822214576,12,149.0,0.2971370193084749,12,149.0
125.0,16,196.0,5.9393939393939394,6.489438683386955,16,221.0,0.2851925956823937,16,221.0
130.0,16,276.0,8.117647058823529,6.760323669897321,16,301.0,0.3435936961889307,16,301.0
135.0,17,357.0,10.818181818181818,5.718132192021458,17,382.0,0.27980829663360307,17,382.0
140.0,19,447.0,12.416666666666666,6.1094203800242575,19,472.0,0.29130085427754204,19,472.0
145.0,9,148.0,3.8947368421052633,5.948988794155032,9,334.0,0.3108955104777354,9,334.0
150.0,6,18.0,0.45,8.148060049378916,4,246.0,0.4167595749610518,4,246.0
155.0,5,19.0,0.4634146341463415,8.41875693072533,5,169.0,0.37247326081119725,5,169.0
160.0,4,37.0,0.8604651162790697,9.115746561398295,4,63.0,0.4045739846087966,4,63.0
165.0,11,81.0,1.8409090909090908,8.641980773978677,11,102.0,0.33804869807452914,11,102.0
170.0,11,131.0,3.119047619047619,8.970614702460201,11,133.0,0.3946835636544463,11,133.0
175.0,12,187.0,4.560975609756097,8.52843742954879,12,187.0,0.39277455261639765,12,187.0
180.0,14,253.0,6.657894736842105,8.294677005308019,13,250.0,0.3940982840198471,13,250.0
185.0,13,315.0,8.513513513513514,7.653928153740238,13,315.0,0.3726235393566344,13,315.0
190.0,4,67.0,1.8108108108108107,7.597082865442623,4,182.0,0.4281740913805325,4,182.0
195.0,7,23.0,0.6216216216216216,8.618904523550672,5,90.0,0.5088949289071215,5,90.0
200.0,12,58.0,1.6111111111111112,7.122957244365892,11,109.0,0.3082129777036848,11,109.0
205.0,7,41.0,1.025,7.4322614860067855,7,124.0,0.2858187497198458,7,124.0
210.0,4,19.0,0.475,9.455910722437514,4,131.0,0.48170842435412387,4,131.0
215.0,7,50.0,1.2195121951219512,10.444656304337846,7,152.0,0.5214327444282808,7,152.0
220.0,8,88.0,2.2,9.508399656841192,8,190.0,0.4346470373753769,8,190.0
225.0,12,141.0,3.6153846153846154,8.463811842216074,12,243.0,0.32474699911169747,12,243.0
230.0,14,206.0,5.885714285714286,7.159353799537498,14,308.0,0.29825405717650394,14,308.0
235.0,16,281.0,8.264705882352942,6.59051600857156,16,383.0,0.2984901762664718,16,383.0
240.0,18,366.0,10.764705882352942,5.502178347386554,18,468.0,0.20819169578250085,18,468.0
245.0,20,463.0,13.617647058823529,4.836874501843725,20,565.0,0.19780959074028992,20,565.0
250.0,22,569.0,14.973684210526315,5.179755844529565,22,671.0,0.2526500024660457,22,671.0
255.0,23,681.0,17.46153846153846,4.631903453463623,23,783.0,0.23245225894690077,23,783.0
260.0,24,800.0,20.512820512820515,4.721087161455132,24,902.0,0.2766520730094787,24,902.0
265.0,25,922.0,22.48780487804878,4.470310825155285,24,1022.0,0.23846157233643883,24,1022.0
270.0,26,1045.0,23.22222222222222,4.217299945855985,26,1147.0,0.20862988213908262,26,1147.0
275.0,30,1186.0,25.23404255319149,4.095964758857672,30,1288.0,0.17397863999680552,30,1288.0
280.0,32,1343.0,27.979166666666668,3.3871583944993575,32,1445.0,0.15781632866539208,32,1445.0
285.0,37,1517.0,30.34,2.6202922593395126,37,1619.0,0.08925365287334026,37,1619.0
290.0,39,1712.0,32.301886792452834,2.887213877352069,39,1814.0,0.1047627890145657,39,1814.0
295.0,39,1907.0,34.67272727272727,3.0924220415059613,39,2009.0,0.11757472468468395,39,2009.0
300.0,41,2111.0,37.03508771929825,3.5184069848499306,41,2213.0,0.13448688812037027,41,2213.0
305.0,43,2319.0,39.98275862068966,2.9898731644022023,43,2421.0,0.09811567864467907,43,2421.0
310.0,44,2539.0,40.95161290322581,3.473698919357799,44,2641.0,0.13793917857982785,44,2641.0
315.0,34,1622.0,26.161290322580644,3.240587132409398,34,2215.0,0.13497079948908877,34,2215.0
320.0,14,282.0,4.548387096774194,5.03994880925197,13,1645.0,0.21752245113506377,13,1645.0
325.0,14,78.0,1.2,6.834474442622496,12,1427.0,0.29564762324586835,12,1427.0
330.0,21,160.0,2.4242424242424243,7.353371319981915,20,1351.0,0.25814150995785795,20,1351.0
335.0,20,215.0,3.161764705882353,8.055250879002033,19,1097.0,0.2637315252967964,19,1097.0
340.0,15,232.0,3.462686567164179,8.562473740274763,14,1037.0,0.3236232544351347,14,1037.0
345.0,12,216.0,3.4285714285714284,7.917977472531222,11,928.0,0.22687912806734953,11,928.0
350.0,14,232.0,4.0701754385964914,7.38249771974103,14,739.0,0.24160021441417726,14,739.0
355.0,4,8.0,0.14545454545454545,7.529735045108712,4,617.0,0.31733981904181713,4,617.0
360.0,12,51.0,1.02,7.697801353832516,11,563.0,0.2926905229076536,11,563.0
365.0,15,114.0,2.375,7.785515488450461,15,630.0,0.31983879625076145,15,630.0
370.0,10,88.0,1.7959183673469388,7.060138424740292,10,485.0,0.24213130526974003,10,485.0
375.0,9,40.0,0.8163265306122449,7.902694202943266,8,462.0,0.3050974970287152,8,462.0
380.0,6,23.0,0.48936170212765956,8.022230072077546,6,489.0,0.3211244626295911,6,489.0
385.0,8,31.0,0.7045454545454546,8.256406519940663,8,515.0,0.3939572190571283,8,515.0
390.0,6,21.0,0.4666666666666667,8.16728015066344,6,374.0,0.39184622700846644,6,374.0
395.0,10,30.0,0.6666666666666666,8.44414002840044,9,364.0,0.4185336852495598,9,364.0
400.0,2,3.0,0.07317073170731707,8.32449714977805,2,351.0,0.46372993251891964,2,351.0
405.0,6,22.0,0.55,7.759172576018928,6,369.0,0.2889500128660453,6,369.0
410.0,13,79.0,1.880952380952381,8.033915041242176,13,426.0,0.3522841800734145,13,426.0
415.0,8,59.0,1.372093023255814,7.261041750909007,8,335.0,0.31412233996067623,8,335.0
420.0,9,43.0,1.0238095238095237,8.192511948947454,7,350.0,0.36563653775005284,7,350.0
425.0,9,55.0,1.4473684210526316,8.36000405399786,8,382.0,0.3801991855774935,8,382.0
430.0,5,16.0,0.4,8.978168478166612,5,391.0,0.4507064657119185,5,391.0
435.0,7,26.0,0.6341463414634146,8.842977801055742,7,421.0,0.3911603274715274,7,421.0
440.0,10,66.0,1.6923076923076923,8.188422900491934,10,447.0,0.36678772390480885,10,447.0
445.0,14,129.0,3.3947368421052633,8.012727146577404,14,510.0,0.37541956992457054,14,510.0
450.0,8,106.0,2.864864864864865,8.275144096163224,8,403.0,0.4861983573297113,8,403.0
455.0,6,50.0,1.25,8.686254586444006,5,433.0,0.4504421781073424,5,433.0
460.0,4,16.0,0.41025641025641024,8.176618144068804,3,339.0,0.39054937320942334,3,339.0
465.0,2,2.0,0.05128205128205128,6.975537751064837,2,336.0,0.27688933302256946,2,336.0
470.0,7,28.0,0.7,7.197477814867829,7,356.0,0.27090806996336875,7,356.0
475.0,12,77.0,1.925,7.4438041406099895,12,405.0,0.32893817992426694,12,405.0
480.0,8,44.0,1.1,6.741164395560036,8,334.0,0.281276268976423,8,334.0
485.0,11,57.0,1.3902439024390243,8.290472425898066,10,368.0,0.334701972855988,10,368.0
490.0,3,10.0,0.24390243902439024,8.6002312054302,3,379.0,0.42844210415739997,3,379.0
495.0,6,22.0,0.5641025641025641,8.623278422507932,6,401.0,0.4164679586916922,6,401.0
500.0,7,29.0,0.725,7.423655808301558,7,344.0,0.25679836890786834,7,344.0
505.0,10,34.0,0.8947368421052632,6.919672715150588,9,382.0,0.3099480570137759,9,382.0
510.0,2,2.0,0.05128205128205128,6.911457628320159,2,383.0,0.28638956849156705,2,383.0
515.0,10,34.0,0.8717948717948718,7.552449938365046,9,411.0,0.3094306956537503,9,411.0
520.0,8,34.0,0.8947368421052632,7.03519374506934,8,358.0,0.29732931325144,8,358.0
525.0,8,27.0,0.6428571428571429,8.934380785326036,8,228.0,0.4130383163127913,8,228.0
530.0,7,39.0,0.9512195121951219,8.618220573489854,6,259.0,0.34515693278397286,6,259.0
535.0,1,1.0,0.025,8.91988178934116,1,235.0,0.4880703594348336,1,235.0
540.0,6,20.0,0.5,9.198454715976519,6,244.0,0.45095747837659106,6,244.0
545.0,11,64.0,1.6842105263157894,8.319705222238868,11,288.0,0.38667497865663336,11,288.0
550.0,9,75.0,2.027027027027027,7.418363678666196,9,258.0,0.39294383557213386,9,258.0
555.0,4,37.0,0.9736842105263158,8.413289810271099,4,287.0,0.4205422689964446,4,287.0
560.0,4,8.0,0.21621621621621623,8.188799035237952,4,294.0,0.40426242203980417,4,294.0
565.0,10,44.0,1.1282051282051282,8.071855593509285,10,330.0,0.29051351417479687,10,330.0
570.0,10,54.0,1.35,8.56959707797826,10,304.0,0.3681054532446102,10,304.0
575.0,4,26.0,0.65,9.949207276074128,4,207.0,0.5413221593124591,4,207.0
580.0,3,13.0,0.34210526315789475,9.525174002557952,3,127.0,0.5253019450421426,3,127.0
585.0,6,39.0,1.054054054054054,8.983736922503706,6,86.0,0.3980742975038153,6,86.0
590.0,9,80.0,2.1052631578947367,9.223701907574032,9,89.0,0.392743831110902,9,89.0
595.0,10,130.0,3.3333333333333335,8.715518039914802,10,130.0,0.3771547251613184,10,130.0
600.0,13,192.0,5.052631578947368,8.154161657316351,13,192.0,0.3205167628270603,13,192.0
605.0,15,265.0,7.794117647058823,6.624269809703747,15,265.0,0.31355015196508224,15,265.0
610.0,18,347.0,9.914285714285715,5.831585636681415,18,347.0,0.265686174871022,18,347.0
615.0,8,106.0,3.0285714285714285,5.561851712024563,8,228.0,0.2996869803143241,8,228.0
620.0,3,8.0,0.21621621621621623,9.057228444692146,3,32.0,0.5229628182514564,3,32.0
625.0,1,1.0,0.02564102564102564,9.771235050596443,1,27.0,0.5487710369407742,1,27.0
630.0,5,23.0,0.5476190476190477,10.513802433365298,5,49.0,0.5219296527448866,5,49.0
635.0,2,3.0,0.07142857142857142,10.956706606976459,2,20.0,0.6368199761922564,2,20.0
640.0,3,15.0,0.38461538461538464,11.059989127204133,3,15.0,0.6453948744802044,3,15.0
645.0,6,38.0,1.0857142857142856,9.84526410809823,6,38.0,0.42912054983974623,6,38.0
650.0,12,84.0,2.5454545454545454,7.903601976721657,12,84.0,0.299663548833271,12,84.0
655.0,14,149.0,4.382352941176471,7.745219378847336,14,149.0,0.34574761783250907,14,149.0
660.0,15,220.0,6.875,6.087194670582357,15,220.0,0.3039783885081995,15,220.0
665.0,17,304.0,10.133333333333333,5.271517112623766,17,304.0,0.33060349778108633,17,304.0
670.0,18,390.0,11.470588235294118,5.066757110739991,18,390.0,0.2651726983367392,18,390.0
675.0,22,491.0,14.028571428571428,3.662499723609559,22,491.0,0.17833694701494066,22,491.0
680.0,26,613.0,16.13157894736842,4.082304172441808,25,611.0,0.19674802861864135,25,611.0
685.0,26,737.0,18.425,4.061397904528809,26,737.0,0.19621299179243742,26,737.0
690.0,26,867.0,20.162790697674417,5.289487256478998,26,867.0,0.2147781947887899,26,867.0
695.0,27,999.0,21.717391304347824,5.245011367394796,27,999.0,0.21235351541239256,27,999.0
700.0,29,1138.0,23.708333333333332,4.968730823959644,29,1138.0,0.13819427016580588,29,1138.0
705.0,29,1283.0,26.729166666666668,4.769829446886431,29,1283.0,0.16978347072952266,29,1283.0
710.0,31,1434.0,29.26530612244898,4.1377724605755715,31,1434.0,0.12277074818956368,31,1434.0
715.0,22,744.0,14.588235294117647,4.555942523409815,22,1137.0,0.1713159104787404,22,1137.0
720.0,10,50.0,0.9615384615384616,6.1935453249721,8,722.0,0.26517452173194944,8,722.0
725.0,10,63.0,1.2115384615384615,7.880254651700112,8,514.0,0.34547187240040167,8,514.0
730.0,12,112.0,2.1538461538461537,8.591753589368716,11,432.0,0.3885168708276151,11,432.0
735.0,16,188.0,3.4814814814814814,8.43339790557473,14,479.0,0.2839557229903065,14,479.0
740.0,14,211.0,3.8363636363636364,8.469190830499292,14,536.0,0.2696922123235937,14,536.0
745.0,12,175.0,3.723404255319149,8.205225286902557,12,431.0,0.3585166745461552,12,431.0
750.0,11,195.0,4.239130434782608,8.326106359362925,11,343.0,0.396175818275614,11,343.0
755.0,4,29.0,0.6444444444444445,7.222744251184481,4,249.0,0.2937609944708401,4,249.0
760.0,14,39.0,0.8863636363636364,7.513642022507688,12,250.0,0.3108110884898941,12,250.0
765.0,11,75.0,1.829268292682927,7.822315334862264,11,293.0,0.34482159451313826,11,293.0
770.0,11,116.0,2.8292682926829267,8.69509559975541,11,279.0,0.42897235139347195,11,279.0
775.0,6,60.0,1.3953488372093024,9.436602847222959,6,183.0,0.552926707431604,6,183.0
780.0,3,24.0,0.5581395348837209,9.255860158631833,3,201.0,0.4231063327879956,3,201.0
785.0,9,60.0,1.5384615384615385,8.69038381206389,9,134.0,0.3733230681812193,9,134.0
790.0,11,115.0,2.875,9.007947000810418,11,137.0,0.4383259427400312,11,137.0
795.0,12,172.0,4.410256410256411,8.602043061912843,12,194.0,0.39483145644195117,12,194.0
800.0,14,236.0,5.9,7.735159387740015,14,258.0,0.3038421667256467,14,258.0
805.0,17,313.0,8.694444444444445,6.426694556499443,17,335.0,0.2690337546045318,17,335.0
810.0,20,407.0,11.305555555555555,5.578990025532601,20,429.0,0.2711759361580298,20,429.0
815.0,20,507.0,13.342105263157896,6.013557661981753,20,529.0,0.3031832890400625,20,529.0
820.0,22,610.0,15.64102564102564,4.88963332829404,22,632.0,0.246406751675637,22,632.0
825.0,25,730.0,18.71794871794872,4.303509877724813,25,752.0,0.16766675032828326,25,752.0
830.0,27,858.0,20.428571428571427,4.57134635545806,27,880.0,0.157933010250124,27,880.0
835.0,29,998.0,22.177777777777777,4.4325525494152895,29,1020.0,0.17861293673704104,29,1020.0
840.0,30,1147.0,24.934782608695652,4.446653876368708,30,1169.0,0.17657892275263923,30,1169.0
845.0,31,1300.0,28.26086956521739,3.9048628114564217,31,1322.0,0.17295203128150777,31,1322.0
850.0,32,1459.0,31.04255319148936,3.7293043851922723,32,1481.0,0.20668029467535756,32,1481.0
855.0,22,786.0,15.72,4.624115814674127,22,1164.0,0.27533433024555987,22,1164.0
860.0,10,69.0,1.3018867924528301,5.7454545738815295,8,848.0,0.2524311248359668,8,848.0
865.0,13,57.0,1.0363636363636364,7.07186584894838,12,748.0,0.2883214107676738,12,748.0
870.0,14,83.0,1.509090909090909,7.547537396399244,13,700.0,0.24844487702478565,13,700.0
875.0,12,110.0,1.896551724137931,8.38573683156325,12,537.0,0.33398394196604525,12,537.0
880.0,5,26.0,0.4642857142857143,8.7559696392314,5,504.0,0.4189472336182316,5,504.0
885.0,9,37.0,0.7115384615384616,8.511632659550854,9,479.0,0.3720901764717753,9,479.0
890.0,8,38.0,0.8085106382978723,8.274789606972726,8,381.0,0.36406848528339153,8,381.0
895.0,5,26.0,0.5416666666666666,9.011399821447323,5,276.0,0.431478397185114,5,276.0
900.0,5,51.0,1.0625,9.393887270585106,5,142.0,0.41698058022947215,5,142.0
905.0,7,84.0,1.9090909090909092,9.378929388284572,7,93.0,0.4108337309583758,7,93.0
910.0,8,122.0,2.9047619047619047,9.119130747559733,8,130.0,0.49476045272654506,8,130.0
915.0,11,170.0,4.146341463414634,7.563515898499397,11,180.0,0.34505996800330974,11,180.0
920.0,14,231.0,6.078947368421052,6.598945237956435,14,242.0,0.24902781668290183,14,242.0
925.0,17,312.0,8.666666666666666,5.77998011390177,17,320.0,0.22453425644763267,17,320.0
930.0,20,409.0,10.225,6.3380648487016895,20,417.0,0.30081949794381935,20,417.0
935.0,20,509.0,13.051282051282051,5.972973457963286,20,517.0,0.3320511575213486,20,517.0
940.0,22,614.0,14.619047619047619,5.238431923858774,22,622.0,0.28429756616580226,22,622.0
945.0,26,739.0,17.186046511627907,5.149836666518493,26,747.0,0.2579942897330539,26,747.0
950.0,27,871.0,20.738095238095237,4.381130364602718,27,879.0,0.23069682375035833,27,879.0
955.0,30,1012.0,22.0,3.616257637176924,30,1020.0,0.17434472365115852,30,1020.0
960.0,35,1174.0,24.97872340425532,2.6402920819770896,35,1182.0,0.09552979028250329,35,1182.0
965.0,38,1359.0,27.18,2.5931272453630303,38,1367.0,0.08567442949839976,38,1367.0
970.0,40,1559.0,29.41509433962264,2.932660037660174,40,1567.0,0.11643048092834984,40,1567.0
975.0,41,1762.0,32.03636363636364,3.4095167810821265,41,1770.0,0.15552672687383268,41,1770.0
980.0,30,1152.0,20.571428571428573,3.7124935296160664,30,1513.0,0.19922172740664407,30,1513.0
985.0,15,249.0,4.368421052631579,5.460649814956678,13,1209.0,0.27476171923741843,13,1209.0
990.0,12,64.0,1.0666666666666667,6.846560711659686,10,977.0,0.3273860200669946,10,977.0
995.0,14,86.0,1.3870967741935485,7.2555384516543295,14,940.0,0.2827366681130969,14,940.0
1000.0,10,70.0,1.0606060606060606,8.584842051469765,10,629.0,0.34852559090465635,10,629.0
1005.0,11,90.0,1.3636363636363635,8.469453848646106,9,558.0,0.3325891039161031,9,558.0
1010.0,9,114.0,1.8387096774193548,7.73434778657394,9,519.0,0.2823252492831555,9,519.0
1015.0,11,155.0,2.8181818181818183,6.794971439949195,11,397.0,0.22480751808306404,11,397.0
1020.0,7,25.0,0.4807692307692308,6.516635810919348,7,307.0,0.24047622795353846,7,307.0
1025.0,13,48.0,1.0,6.887638573128274,11,320.0,0.2788189103911844,11,320.0
1030.0,12,50.0,1.0204081632653061,6.952267759773191,12,284.0,0.2597750961045312,12,284.0
1035.0,7,36.0,0.7058823529411765,8.335388977304719,7,313.0,0.35401398589103655,7,313.0
1040.0,7,55.0,1.1224489795918366,8.474685869577883,7,224.0,0.3339758562377932,7,224.0
1045.0,4,8.0,0.16666666666666666,8.029306430563922,4,182.0,0.3398691129767814,4,182.0
1050.0,10,42.0,0.9130434782608695,8.126337384112723,9,200.0,0.3468515099159184,9,200.0
1055.0,14,90.0,2.0930232558139537,7.978540921502166,13,217.0,0.3226647066930371,13,217.0
1060.0,7,58.0,1.380952380952381,8.644939911629484,7,171.0,0.47384999515261567,7,171.0
1065.0,4,23.0,0.5348837209302325,8.879923039764558,3,187.0,0.4401044332431893,3,187.0
1070.0,7,33.0,0.7674418604651163,8.100926178927892,7,129.0,0.26746595202451745,7,129.0
1075.0,4,9.0,0.23076923076923078,8.337489810043666,4,127.0,0.37466014134844916,4,127.0
1080.0,9,40.0,1.0,8.978896492153233,9,147.0,0.37173171373541863,9,147.0
1085.0,6,39.0,1.0,9.324330718939715,6,122.0,0.4522950765986683,6,122.0
1090.0,3,13.0,0.3333333333333333,9.888195499433092,3,80.0,0.5486959130887877,3,80.0
1095.0,3,26.0,0.7222222222222222,9.868207741191505,3,33.0,0.562858624679621,3,33.0
1100.0,7,53.0,1.5588235294117647,8.418793743598997,7,60.0,0.41661391810550663,7,60.0
1105.0,10,89.0,2.6176470588235294,8.168672237982836,10,89.0,0.3844647098737104,10,89.0
1110.0,13,147.0,4.2,7.922661332649589,13,147.0,0.3206745800992992,13,147.0
1115.0,14,217.0,6.382352941176471,7.316056747965364,14,217.0,0.3468603967138083,14,217.0
1120.0,15,289.0,8.5,6.581241090266006,15,289.0,0.35346359381284426,15,289.0
1125.0,16,367.0,10.485714285714286,5.9702715561095285,16,367.0,0.3051312090323557,16,367.0
1130.0,18,456.0,13.028571428571428,5.578378183064884,18,456.0,0.32208985490696895,18,456.0
1135.0,9,123.0,3.236842105263158,5.829899557382159,9,302.0,0.3697305725120292,9,302.0
1140.0,5,18.0,0.46153846153846156,7.383879559475736,3,154.0,0.49155404936524744,3,154.0
1145.0,6,23.0,0.5609756097560976,8.248844954165495,6,75.0,0.45870503928480544,6,75.0
1150.0,7,51.0,1.186046511627907,9.17569474065877,7,55.0,0.4914377568843157,7,55.0
1155.0,10,92.0,2.0,9.429731066766644,10,92.0,0.46755688760428404,10,92.0
1160.0,11,144.0,3.2,9.052636790880577,11,144.0,0.40448288859669496,11,144.0
1165.0,13,206.0,4.681818181818182,8.171427719875798,13,206.0,0.3320646028635563,13,206.0
1170.0,17,283.0,7.075,7.087291067941062,17,283.0,0.2674856384564707,17,283.0
1175.0,19,371.0,9.763157894736842,6.504843121918022,19,371.0,0.25936892529109756,19,371.0
1180.0,19,466.0,12.594594594594595,6.209048225064957,19,466.0,0.27280358894883483,19,466.0
1185.0,21,567.0,14.921052631578947,5.6116480665557615,21,567.0,0.2473942900124327,21,567.0
1190.0,23,679.0,16.5609756097561,5.212044456923778,23,679.0,0.21916956049923886,23,679.0
1195.0,28,809.0,20.743589743589745,4.021842540966461,28,809.0,0.1850784254354544,28,809.0
1200.0,30,953.0,23.24390243902439,3.3187378701255033,30,953.0,0.1719462771023216,30,953.0
1205.0,31,1106.0,25.72093023255814,3.4554648722011434,31,1106.0,0.18217446232121956,31,1106.0
1210.0,32,1263.0,26.872340425531913,4.065983185389616,32,1263.0,0.20020696276488575,32,1263.0
1215.0,33,1424.0,29.06122448979592,3.7710242408960704,33,1424.0,0.17214442352667864,33,1424.0
1220.0,37,1604.0,30.846153846153847,3.6847820702445975,37,1604.0,0.15348027534353734,37,1604.0
1225.0,37,1789.0,34.40384615384615,3.270188060199104,37,1789.0,0.12182008626093455,37,1789.0
1230.0,38,1977.0,35.945454545454545,3.6706910451720933,38,1977.0,0.15269918480118055,38,1977.0
1235.0,39,2171.0,38.08771929824562,3.295641713303688,39,2171.0,0.11113150932857728,39,2171.0
1240.0,42,2378.0,41.0,3.4084907931925588,42,2378.0,0.11587192911029344,42,2378.0
1245.0,43,2589.0,42.442622950819676,3.7720358560243596,43,2589.0,0.14622244972214213,43,2589.0
1250.0,45,2807.0,48.39655172413793,2.6870131523380913,45,2807.0,0.0736202636909157,45,2807.0
1255.0,47,3036.0,49.77049180327869,2.905390382901646,47,3036.0,0.099484074667934,47,3036.0
1260.0,49,3275.0,51.171875,2.9894000740653386,49,3275.0,0.12947896557772715,49,3275.0
1265.0,50,3522.0,54.184615384615384,2.295254213242612,50,3522.0,0.08424146322610679,50,3522.0
1270.0,52,3782.0,56.44776119402985,2.529069803438584,52,3782.0,0.08451448091406082,52,3782.0
1275.0,53,4045.0,59.48529411764706,2.555659238206054,53,4045.0,0.08500616602238696,53,4045.0
1280.0,55,4318.0,60.816901408450704,2.7444385157028908,55,4318.0,0.10181184115933366,55,4318.0
1285.0,56,4594.0,62.93150684931507,2.81126951040632,56,4594.0,0.08291351000869088,56,4594.0
1290.0,57,4877.0,66.8082191780822,2.6120373606241145,57,4877.0,0.06898587644418737,57,4877.0
1295.0,59,5169.0,68.92,2.4667450051537085,58,5167.0,0.07656037128945802,58,5167.0
1300.0,60,5463.0,70.03846153846153,2.8488656334421805,60,5463.0,0.10051475072267328,60,5463.0
1305.0,49,3972.0,50.92307692307692,3.113318504994992,49,4791.0,0.13148291543334806,49,4791.0
1310.0,25,1505.0,19.050632911392405,4.517319694669313,23,3961.0,0.19558805948415975,23,3961.0
1315.0,24,729.0,9.0,6.0911095838955225,22,3339.0,0.22745177013778428,22,3339.0
1320.0,23,461.0,5.621951219512195,6.943664474818065,21,2986.0,0.26108954732598794,21,2986.0
1325.0,20,200.0,2.4096385542168677,7.171141344133904,19,2705.0,0.22193765449333427,19,2705.0
1330.0,25,273.0,3.211764705882353,7.387404705124153,24,2472.0,0.24532937039701344,24,2472.0
1335.0,31,410.0,5.394736842105263,6.413466304792435,30,2461.0,0.17100753785150458,30,2461.0
1340.0,29,420.0,6.086956521739131,6.383275380331255,29,2407.0,0.21628408034476954,29,2407.0
1345.0,25,435.0,6.590909090909091,6.374864899650046,25,2180.0,0.25065355465091493,25,2180.0
1350.0,25,466.0,6.852941176470588,6.043450838719235,24,2125.0,0.18567637935025164,24,2125.0
1355.0,28,507.0,7.921875,5.468848363861203,27,2250.0,0.16271149809563962,27,2250.0
1360.0,22,493.0,8.081967213114755,4.975996319047311,22,2198.0,0.13657349336906885,22,2198.0
1365.0,21,564.0,9.4,4.790698150629037,21,2134.0,0.15288112312385485,21,2134.0
1370.0,24,673.0,11.40677966101695,4.488928278027727,24,1947.0,0.15430800960712646,24,1947.0
1375.0,25,794.0,13.233333333333333,4.578997840522848,24,1929.0,0.18302602324307668,24,1929.0
1380.0,27,919.0,15.316666666666666,4.087860433706234,27,1919.0,0.17159043372526336,27,1919.0
1385.0,28,1058.0,17.633333333333333,4.536264395880314,28,1807.0,0.20744201871581025,28,1807.0
1390.0,18,512.0,8.258064516129032,5.01748424324043,18,1550.0,0.24487979880342242,18,1550.0
1395.0,11,44.0,0.6984126984126984,6.021958521544618,9,1310.0,0.29122776761891245,9,1310.0
1400.0,14,44.0,0.676923076923077,6.1917757726126155,14,1246.0,0.24238772478039713,14,1246.0
1405.0,20,85.0,1.2686567164179106,6.447843830343536,20,1334.0,0.24078733059124566,20,1334.0
1410.0,24,177.0,2.723076923076923,6.113636808121799,24,1246.0,0.22707167483802462,24,1246.0
1415.0,17,150.0,2.34375,5.412574912644532,17,1105.0,0.1989552795589067,17,1105.0
1420.0,13,51.0,0.8095238095238095,6.12159669140922,12,1111.0,0.24562402528655966,12,1111.0
1425.0,14,46.0,0.7931034482758621,4.869300716815727,14,1041.0,0.14536488171657963,14,1041.0
1430.0,23,91.0,1.4918032786885247,5.929494297216933,22,1133.0,0.16898847169744383,22,1133.0
1435.0,12,69.0,1.1311475409836065,6.6154958364193055,12,1024.0,0.2540713107924386,12,1024.0
1440.0,11,36.0,0.6,6.62804068998604,10,1028.0,0.21566754264926102,10,1028.0
1445.0,11,42.0,0.7241379310344828,6.962728168188031,11,950.0,0.23427449827399974,11,950.0
1450.0,16,73.0,1.2372881355932204,7.06445760638071,16,912.0,0.2636531510451079,16,912.0
1455.0,17,135.0,2.3684210526315788,7.194881676511126,16,803.0,0.2463549902676827,16,803.0
1460.0,11,105.0,1.9444444444444444,7.027710685335567,11,678.0,0.27450739597909996,11,678.0
1465.0,8,31.0,0.5849056603773585,7.639536228934398,7,685.0,0.31768032812981956,7,685.0
1470.0,9,38.0,0.76,7.410960160837028,9,666.0,0.3158850146257896,9,666.0
1475.0,10,41.0,0.8367346938775511,7.1828224249284975,10,662.0,0.3239426726472632,10,662.0
1480.0,15,100.0,2.0,7.532907542768677,14,680.0,0.3332111184820094,14,680.0
1485.0,19,186.0,3.72,6.968389900137799,18,761.0,0.2632318855226877,18,761.0
1490.0,21,281.0,5.9787234042553195,6.6684285416534275,21,862.0,0.24449043097739534,21,862.0
1495.0,19,337.0,6.877551020408164,6.444175842741697,19,886.0,0.22071171131877787,19,886.0
1500.0,22,432.0,8.816326530612244,6.445126508758229,22,955.0,0.21528663644065832,22,955.0
1505.0,23,546.0,11.869565217391305,6.228209477725663,23,1049.0,0.21808431180687407,23,1049.0
1510.0,23,661.0,14.688888888888888,6.324118732040689,23,1164.0,0.29861822860787135,23,1164.0
1515.0,23,776.0,16.869565217391305,5.875837612465947,23,1279.0,0.24493420148551623,23,1279.0
1520.0,25,897.0,19.085106382978722,5.306577468662727,25,1400.0,0.19851000875643543,25,1400.0
1525.0,17,594.0,12.638297872340425,5.970363220681798,17,1123.0,0.3118814049550311,17,1123.0
1530.0,11,149.0,3.1702127659574466,6.444438991810865,9,1072.0,0.27670233541067285,9,1072.0
1535.0,9,47.0,0.9591836734693877,7.056954323086863,9,991.0,0.3006704694310971,9,991.0
1540.0,6,19.0,0.3877551020408163,7.20627024728623,6,997.0,0.32887921087960664,6,997.0
1545.0,14,58.0,1.1372549019607843,7.192908770976362,14,1049.0,0.3220565749826179,14,1049.0
1550.0,13,75.0,1.4423076923076923,7.125191692258619,13,859.0,0.28239834394517666,13,859.0
1555.0,11,46.0,0.9387755102040817,7.06879199419402,10,909.0,0.29974882425085336,10,909.0
1560.0,6,16.0,0.35555555555555557,6.354094731718907,6,922.0,0.2385746565858301,6,922.0
1565.0,15,67.0,1.3958333333333333,7.214171815075569,14,976.0,0.2981815642222981,14,976.0
1570.0,11,65.0,1.3265306122448979,7.188193220951551,11,779.0,0.3685323183358336,11,779.0
1575.0,8,33.0,0.6875,7.3760018545424915,8,826.0,0.3282304887710157,8,826.0
1580.0,5,18.0,0.3829787234042553,7.209339662825353,5,827.0,0.3302140831718325,5,827.0
1585.0,12,50.0,1.0204081632653061,7.145069108029785,12,871.0,0.30960963751954274,12,871.0
1590.0,14,80.0,1.702127659574468,6.403620394967829,14,736.0,0.2783577587189284,14,736.0
1595.0,12,61.0,1.326086956521739,6.098044866776771,11,739.0,0.23579292517771835,11,739.0
1600.0,7,29.0,0.6304347826086957,5.798897059998819,7,744.0,0.23437663017108767,7,744.0
1605.0,10,39.0,0.8297872340425532,6.356241148020766,10,786.0,0.24165636957081824,10,786.0
1610.0,13,61.0,1.2708333333333333,6.2544562610194445,13,648.0,0.22704640140317364,13,648.0
1615.0,12,51.0,1.0408163265306123,6.959662492275168,12,708.0,0.30170070483359684,12,708.0
1620.0,9,48.0,1.0212765957446808,6.828996148732346,9,721.0,0.30298527104277834,9,721.0
1625.0,12,59.0,1.2826086956521738,6.155949658776997,12,772.0,0.27781059428222266,12,772.0
1630.0,15,87.0,1.8125,6.57352104318045,15,679.0,0.31914271694829127,15,679.0
1635.0,12,70.0,1.4893617021276595,6.533450461643878,11,739.0,0.2893453667362737,11,739.0
1640.0,7,39.0,0.8297872340425532,6.7813344829570825,7,737.0,0.3002798270707687,7,737.0
1645.0,14,50.0,1.0,6.731244655020719,13,788.0,0.2725029066661144,13,788.0
1650.0,11,59.0,1.18,7.127030296084629,11,673.0,0.309784249605734,11,673.0
1655.0,15,61.0,1.2448979591836735,7.303598442686355,13,730.0,0.30434829241188555,13,730.0
1660.0,11,41.0,0.8541666666666666,6.602247986865657,11,733.0,0.2626068272525871,11,733.0
1665.0,12,49.0,1.0888888888888888,6.19253229631988,12,743.0,0.21763498139622245,12,743.0
1670.0,11,52.0,1.1063829787234043,5.6703196204375,11,618.0,0.18942706436633946,11,618.0
1675.0,13,49.0,0.98,6.910005262033625,11,662.0,0.2566456018785594,11,662.0
1680.0,9,58.0,1.2340425531914894,6.830639035880471,9,610.0,0.16808853804222096,9,610.0
1685.0,4,28.0,0.5957446808510638,7.50326409194283,4,588.0,0.2523644568184294,4,588.0
1690.0,9,32.0,0.6666666666666666,7.557841989332118,9,622.0,0.23643886352127844,9,622.0
1695.0,11,45.0,0.9782608695652174,7.105577122686844,11,506.0,0.23618428130690658,11,506.0
1700.0,9,40.0,0.9090909090909091,7.4731223841117895,9,479.0,0.26524550688464416,9,479.0
1705.0,7,32.0,0.7441860465116279,7.615259904763469,7,454.0,0.348861910269002,7,454.0
1710.0,8,39.0,0.9069767441860465,7.747600620244072,8,395.0,0.3319068375378073,8,395.0
1715.0,9,43.0,1.048780487804878,7.381596598606319,9,310.0,0.35843035824257,9,310.0
1720.0,9,41.0,0.9534883720930233,8.037976375695088,7,349.0,0.35305024211188746,7,349.0
1725.0,6,33.0,0.7857142857142857,7.9636758138639046,6,314.0,0.35614440900202265,6,314.0
1730.0,5,41.0,1.0,8.22120656978,4,308.0,0.41205039046667036,4,308.0
1735.0,8,62.0,1.441860465116279,7.607189854136756,7,278.0,0.33214568821083795,7,278.0
1740.0,4,15.0,0.35714285714285715,7.428468522913577,4,244.0,0.35680965821958127,4,244.0
1745.0,9,39.0,1.0263157894736843,7.2805947048266475,9,268.0,0.35485363942458387,9,268.0
1750.0,12,90.0,2.25,6.99845937918615,12,296.0,0.32061920248819514,12,296.0
1755.0,18,171.0,4.275,6.764221159487962,18,377.0,0.27263812116883385,18,377.0
1760.0,18,261.0,5.931818181818182,7.32891207377423,18,467.0,0.32667000734823626,18,467.0
1765.0,19,352.0,8.186046511627907,6.039513693934955,19,558.0,0.27493165145796994,19,558.0
1770.0,13,232.0,5.395348837209302,6.426023153568398,13,429.0,0.3339913934255862,13,429.0
1775.0,8,109.0,2.658536585365854,6.48371889082676,7,470.0,0.3332549595949218,7,470.0
1780.0,5,13.0,0.3023255813953488,6.3083368250972525,5,483.0,0.28913229637364624,5,483.0
1785.0,11,57.0,1.2666666666666666,6.938443335452288,11,529.0,0.31569947559288997,11,529.0
1790.0,9,54.0,1.173913043478261,8.014976004919626,9,455.0,0.4065607308266727,9,455.0
1795.0,6,24.0,0.5217391304347826,8.334161647559524,6,491.0,0.415549624262075,6,491.0
1800.0,2,21.0,0.4666666666666667,8.754589071781847,2,319.0,0.46840860896949027,2,319.0
1805.0,5,37.0,0.7872340425531915,8.924615913229797,3,260.0,0.41348924660866476,3,260.0
1810.0,9,64.0,1.4545454545454546,7.484810001336016,9,247.0,0.32475793789802265,9,247.0
1815.0,2,3.0,0.07142857142857142,8.451563661622147,2,201.0,0.4618033399801005,2,201.0
1820.0,7,27.0,0.6585365853658537,7.811435007697585,6,216.0,0.37782514986231613,6,216.0
1825.0,8,26.0,0.6341463414634146,7.52114249343829,8,195.0,0.39001104891806787,8,195.0
1830.0,10,35.0,0.813953488372093,7.739874772104713,8,182.0,0.327384418296866,8,182.0
1835.0,10,68.0,1.619047619047619,7.598108131505119,10,175.0,0.3006440426666584,10,175.0
1840.0,5,15.0,0.3488372093023256,8.536504966677438,5,147.0,0.40471941399484646,5,147.0
1845.0,7,28.0,0.6511627906976745,8.76983985041369,7,141.0,0.3916105137113134,7,141.0
1850.0,7,26.0,0.65,8.85326414193934,7,107.0,0.4163218637032726,7,107.0
1855.0,7,37.0,0.8809523809523809,9.472769013195064,7,75.0,0.42871466019632104,7,75.0
1860.0,11,83.0,2.128205128205128,9.087478475347536,11,104.0,0.36876739093306615,11,104.0
1865.0,6,44.0,1.1891891891891893,9.22322100488978,6,94.0,0.44385576711034613,6,94.0
1870.0,1,6.0,0.15789473684210525,10.54637585264014,1,32.0,0.6493290177566796,1,32.0
1875.0,5,20.0,0.5405405405405406,10.536439874385296,4,18.0,0.5706483051696373,4,18.0
1880.0,1,2.0,0.05714285714285714,10.815938408073531,1,7.0,0.6669395422549148,1,7.0
1885.0,4,18.0,0.5142857142857142,11.168482090810535,4,20.0,0.634019874672727,4,20.0
1890.0,7,47.0,1.3823529411764706,9.830679075694286,7,49.0,0.49753564776928294,7,49.0
1895.0,8,87.0,2.5588235294117645,9.06765952963828,8,89.0,0.4572125277119706,8,89.0
1900.0,10,133.0,4.15625,8.234914549968787,10,135.0,0.3772094379117184,10,135.0
1905.0,13,192.0,6.620689655172414,6.330052473889492,13,194.0,0.3285776334320574,13,194.0
1910.0,14,258.0,8.32258064516129,6.741513019229095,14,260.0,0.3103290614687625,14,260.0
1915.0,16,335.0,10.46875,5.664805474168087,16,337.0,0.2883176073468626,16,337.0
1920.0,9,115.0,3.2857142857142856,6.885486311298458,9,214.0,0.45492630046250954,9,214.0
1925.0,5,14.0,0.3888888888888889,7.608268225988642,3,198.0,0.41310526121693075,3,198.0
1930.0,6,28.0,0.7567567567567568,7.0608205831946025,5,188.0,0.3317074395003518,5,188.0
1935.0,8,21.0,0.525,7.100800314832254,8,214.0,0.3028005198938585,8,214.0
1940.0,10,40.0,0.9302325581395349,7.3102125724395135,10,253.0,0.23450107275941737,10,253.0
1945.0,7,27.0,0.627906976744186,7.995305261074044,7,193.0,0.3662458653120758,7,193.0
1950.0,6,15.0,0.36585365853658536,8.645564964542368,6,181.0,0.4649739256597561,6,181.0
1955.0,3,9.0,0.23076923076923078,8.323481618416585,3,194.0,0.423408460569134,3,194.0
1960.0,10,48.0,1.2,8.044783447050841,10,233.0,0.38311729250199533,10,233.0
1965.0,7,45.0,1.125,7.139886749830003,7,202.0,0.3323823533492474,7,202.0
1970.0,10,40.0,0.975609756097561,7.510812514639243,10,248.0,0.2991375924094024,10,248.0
1975.0,3,10.0,0.23255813953488372,7.875374047989642,3,256.0,0.3363369097178456,3,256.0
1980.0,10,35.0,0.8536585365853658,8.146084732903164,9,284.0,0.3691315590080911,9,284.0
1985.0,7,36.0,0.8780487804878049,7.611389568798252,7,261.0,0.3250870227925649,7,261.0
1990.0,9,34.0,0.8095238095238095,8.605885527928043,9,207.0,0.3970502427405507,9,207.0
1995.0,7,45.0,1.125,7.974332526625713,7,209.0,0.33698024929169096,7,209.0
2000.0,2,3.0,0.07692307692307693,8.142912569826343,2,178.0,0.43300101718304856,2,178.0
2005.0,7,26.0,0.6341463414634146,8.967602777331816,6,188.0,0.45406750237879007,6,188.0
2010.0,11,59.0,1.475,8.258618409610966,11,221.0,0.36166862382912096,11,221.0
2015.0,14,126.0,3.230769230769231,8.31336221843906,14,288.0,0.4129723493543233,14,288.0
2020.0,17,201.0,5.025,6.904306887199331,17,363.0,0.2948382122862772,17,363.0
2025.0,19,292.0,7.487179487179487,6.011402746912907,19,454.0,0.2727797131696767,19,454.0
2030.0,15,219.0,5.7631578947368425,5.062781018195525,15,416.0,0.26093744502207,15,416.0
2035.0,11,129.0,3.225,5.791911173576871,11,450.0,0.2846018425851733,11,450.0
2040.0,9,51.0,1.2439024390243902,5.649780140617863,9,483.0,0.2542817611943344,9,483.0
2045.0,11,60.0,1.4285714285714286,6.261365325300116,11,520.0,0.2641584180330715,11,520.0
2050.0,10,57.0,1.2391304347826086,6.725538396488584,10,463.0,0.2621877584801923,10,463.0
2055.0,11,43.0,0.9148936170212766,7.1801271011927295,9,503.0,0.2282539901562648,9,503.0
2060.0,8,34.0,0.7555555555555555,7.100943741664584,8,463.0,0.2260454580757229,8,463.0
2065.0,3,27.0,0.5869565217391305,8.396730796429855,3,396.0,0.3725783958152576,3,396.0
2070.0,3,6.0,0.13636363636363635,8.486793277962926,3,375.0,0.37767269849061164,3,375.0
2075.0,9,38.0,0.9047619047619048,7.379932698435673,8,404.0,0.31939149247440063,8,404.0
2080.0,7,30.0,0.7142857142857143,6.3989781800772505,7,351.0,0.2718504703898662,7,351.0
2085.0,9,36.0,0.8571428571428571,7.022413086292959,8,330.0,0.29897310669796595,8,330.0
2090.0,5,39.0,0.9285714285714286,7.984147035087881,5,255.0,0.39011038965418726,5,255.0
2095.0,6,59.0,1.3409090909090908,8.433246720212564,6,197.0,0.4090534792353064,6,197.0
2100.0,8,97.0,2.255813953488372,8.091244597067861,8,199.0,0.37887944804141666,8,199.0
2105.0,12,149.0,3.5476190476190474,7.338616342538341,11,248.0,0.2930162315345962,11,248.0
2110.0,17,216.0,4.909090909090909,6.814161958795216,17,319.0,0.23207505234630663,17,319.0
2115.0,14,258.0,6.2926829268292686,7.129236574150308,14,326.0,0.29085669538963316,14,326.0
2120.0,12,307.0,7.675,7.891187810843299,12,341.0,0.3966880601416138,12,341.0
2125.0,12,367.0,9.41025641025641,7.111649981896646,12,375.0,0.3787869526616895,12,375.0
2130.0,5,74.0,1.8048780487804879,7.467082339125747,5,219.0,0.42876361234044374,5,219.0
2135.0,6,20.0,0.47619047619047616,8.892026303415067,5,101.0,0.488183303660891,5,101.0
2140.0,10,65.0,1.5476190476190477,8.554735504001133,9,136.0,0.36361123944145196,9,136.0
2145.0,13,95.0,2.2093023255813953,8.064671044035636,13,137.0,0.29359664800209107,13,137.0
2150.0,6,50.0,1.1627906976744187,8.426984506609749,6,137.0,0.3716932744980247,6,137.0
2155.0,8,29.0,0.6904761904761905,8.816911821224924,7,102.0,0.41203611080640035,7,102.0
2160.0,3,10.0,0.2631578947368421,9.372185562984175,3,69.0,0.5312264439008464,3,69.0
2165.0,5,27.0,0.7105263157894737,9.55797911034493,5,93.0,0.46831344349816206,5,93.0
2170.0,3,16.0,0.41025641025641024,10.183696739567043,3,65.0,0.6431582053214493,3,65.0
2175.0,7,32.0,0.8421052631578947,9.776242860074237,6,85.0,0.5463543725266177,6,85.0
2180.0,11,78.0,2.2285714285714286,7.725709679211126,10,126.0,0.33356466655174716,10,126.0
2185.0,10,105.0,2.9166666666666665,8.23330921067565,10,152.0,0.4239894499341026,10,152.0
2190.0,11,157.0,4.361111111111111,8.190958007533538,11,204.0,0.40924450907964544,11,204.0
2195.0,12,212.0,6.235294117647059,7.517467499040746,12,234.0,0.4106520013534381,12,234.0
2200.0,14,282.0,7.833333333333333,7.441462724800751,13,299.0,0.3929017794713802,13,299.0
2205.0,15,348.0,9.157894736842104,7.17971727807576,15,370.0,0.35191456575209634,15,370.0
2210.0,17,430.0,12.285714285714286,6.434329588637394,17,452.0,0.35886331828447304,17,452.0
2215.0,17,515.0,13.205128205128204,6.987216797108103,17,537.0,0.35113261597247064,17,537.0
2220.0,20,609.0,14.853658536585366,6.184287596481491,20,631.0,0.2475087560001436,20,631.0
2225.0,22,716.0,16.651162790697676,5.5479588192614475,22,738.0,0.1728365803953354,22,738.0
2230.0,25,839.0,19.976190476190474,5.2019500626477955,25,861.0,0.231437729542969,25,861.0
2235.0,25,964.0,21.90909090909091,4.686490639756737,25,986.0,0.20819911123115542,25,986.0
2240.0,28,1104.0,25.09090909090909,4.475822282191444,28,1126.0,0.238799662748617,28,1126.0
2245.0,18,592.0,12.869565217391305,4.327459061625987,18,877.0,0.25355442876612333,18,877.0
2250.0,7,25.0,0.5208333333333334,5.78512616876106,6,631.0,0.2793374386953098,6,631.0
2255.0,5,12.0,0.24489795918367346,6.32263336567914,5,635.0,0.281540467529515,5,635.0
2260.0,16,73.0,1.4038461538461537,6.593918665200386,15,688.0,0.22606380215103433,15,688.0
2265.0,25,178.0,3.2363636363636363,6.662521833209345,25,799.0,0.18513159403664292,25,799.0
2270.0,25,303.0,5.611111111111111,6.7796409355588345,25,924.0,0.2346689655592871,25,924.0
2275.0,28,435.0,8.529411764705882,5.217605171649724,28,1056.0,0.19805917588092234,28,1056.0
2280.0,31,585.0,11.938775510204081,4.282423785953924,31,1206.0,0.17882082321202802,31,1206.0
2285.0,34,749.0,15.285714285714286,3.0458143294605535,34,1370.0,0.10592955620416879,34,1370.0
2290.0,38,933.0,19.040816326530614,2.6747572859690454,38,1554.0,0.08123272603280757,38,1554.0
2295.0,39,1125.0,22.058823529411764,2.4390766148984913,39,1746.0,0.08856293679147544,39,1746.0
2300.0,43,1334.0,24.703703703703702,2.5287329643798504,43,1955.0,0.10490807849212615,43,1955.0
2305.0,44,1551.0,26.74137931034483,2.723437743521796,44,2172.0,0.1293288214814594,44,2172.0
2310.0,35,1172.0,20.20689655172414,2.5718195433657125,35,1866.0,0.1536639867790312,35,1866.0
2315.0,22,442.0,7.491525423728813,4.0154635894505,20,1523.0,0.21572258468752795,20,1523.0
2320.0,14,97.0,1.5396825396825398,5.5502820435717375,13,1197.0,0.27491625280387894,13,1197.0
2325.0,7,35.0,0.5303030303030303,6.073314814060717,7,1203.0,0.24421282017723137,7,1203.0
2330.0,17,60.0,0.8695652173913043,5.8968498105050084,16,1260.0,0.18413176697128525,16,1260.0
2335.0,30,184.0,2.7058823529411766,5.4328363064759255,29,1378.0,0.12670781504280526,29,1378.0
2340.0,37,333.0,5.123076923076923,4.9827884882855775,37,1535.0,0.15201653261088868,37,1535.0
2345.0,31,350.0,5.46875,4.976119436378721,31,1379.0,0.16969131515784322,31,1379.0
2350.0,20,171.0,2.7142857142857144,5.4229317571428295,19,1154.0,0.19719187882655315,19,1154.0
2355.0,15,103.0,1.6612903225806452,6.261532516143299,14,948.0,0.20705829420826152,14,948.0
2360.0,10,27.0,0.42857142857142855,7.127193877414493,10,958.0,0.2656195897416893,10,958.0
2365.0,15,69.0,1.0952380952380953,6.856589507640246,15,1027.0,0.22761736946811845,15,1027.0
2370.0,25,164.0,2.6885245901639343,5.958496816064124,25,1136.0,0.1688911427524314,25,1136.0
2375.0,30,296.0,5.016949152542373,5.5691961050938925,30,1275.0,0.16208225187282263,30,1275.0
2380.0,36,462.0,8.4,4.451097951122448,35,1439.0,0.12594448003237846,35,1439.0
2385.0,35,635.0,11.75925925925926,4.080263600653543,35,1614.0,0.15537258812598892,35,1614.0
2390.0,27,548.0,9.963636363636363,4.001641158980177,27,1460.0,0.13690096156541726,27,1460.0
2395.0,19,252.0,4.5,5.500385159672139,18,1356.0,0.23206289746301428,18,1356.0
2400.0,9,141.0,2.517857142857143,6.610178537078741,9,1121.0,0.2684644876294972,9,1121.0
2405.0,9,69.0,1.2105263157894737,6.886957240650517,8,1057.0,0.26258667837456995,8,1057.0
2410.0,11,108.0,1.8,7.676484750998857,11,926.0,0.29900120816355563,11,926.0
2415.0,10,157.0,2.754385964912281,8.31794304156287,10,765.0,0.3518899269289549,10,765.0
2420.0,12,214.0,3.8214285714285716,8.034574547972335,11,730.0,0.325003370389178,11,730.0
2425.0,14,274.0,5.169811320754717,7.265602926272869,14,709.0,0.3341593794372876,14,709.0
2430.0,16,345.0,6.9,6.4540217298518705,16,621.0,0.2735815754363994,16,621.0
2435.0,21,435.0,8.877551020408163,5.354731874335054,20,709.0,0.21085789738422883,20,709.0
2440.0,22,536.0,10.72,4.9615349681295635,22,745.0,0.20512759096897962,22,745.0
2445.0,22,643.0,12.86,5.450001695342525,22,763.0,0.196826046644212,22,763.0
2450.0,24,758.0,14.862745098039216,5.99563011849331,24,804.0,0.22911734515779747,24,804.0
2455.0,25,882.0,17.64,5.87498363380193,25,882.0,0.2369528148986649,25,882.0
2460.0,27,1011.0,19.823529411764707,5.916774418574524,26,1010.0,0.23865525360683615,26,1010.0
2465.0,15,411.0,8.058823529411764,5.370202524627332,15,719.0,0.21631921463892176,15,719.0
2470.0,6,17.0,0.32075471698113206,7.1334481296066565,4,426.0,0.33526628398087754,4,426.0
2475.0,9,15.0,0.2830188679245283,7.250487179482496,9,446.0,0.2849661103573286,9,446.0
2480.0,17,72.0,1.3846153846153846,7.409240852898491,17,513.0,0.2955785812192691,17,513.0
2485.0,21,174.0,3.2830188679245285,6.696296814264583,21,615.0,0.2329281081491613,21,615.0
2490.0,26,295.0,5.566037735849057,6.132712557362436,26,736.0,0.20071334755374104,26,736.0
2495.0,29,435.0,9.0625,5.127746792097775,29,876.0,0.2066766584397077,29,876.0
2500.0,30,582.0,12.382978723404255,4.609276372275296,30,1023.0,0.20930025801772784,30,1023.0
2505.0,32,735.0,15.3125,4.020889932154755,32,1176.0,0.1472833517944382,32,1176.0
2510.0,33,900.0,18.0,4.101334136182548,33,1341.0,0.12138476603093196,33,1341.0
2515.0,34,1069.0,20.169811320754718,4.261173848390517,34,1510.0,0.15834850832824907,34,1510.0
2520.0,36,1246.0,23.50943396226415,3.9973768215317005,36,1687.0,0.1761919736157007,36,1687.0
2525.0,37,1427.0,25.945454545454545,3.538374147445269,37,1868.0,0.13367955353020727,37,1868.0
2530.0,41,1623.0,28.982142857142858,3.371695692053425,41,2064.0,0.14465088317753524,41,2064.0
2535.0,43,1831.0,32.12280701754386,2.647631553491353,43,2272.0,0.11020700752894051,43,2272.0
2540.0,47,2057.0,35.46551724137931,2.5425042710535086,47,2498.0,0.1195353008472484,47,2498.0
2545.0,39,1465.0,25.25862068965517,2.1045290431397827,39,2078.0,0.10273618954575038,39,2078.0
2550.0,16,275.0,4.365079365079365,4.826947264435341,15,1560.0,0.23286052206492386,15,1560.0
2555.0,6,14.0,0.2153846153846154,5.578932400180511,6,1442.0,0.26113696441107315,6,1442.0
2560.0,21,67.0,0.9852941176470589,5.8968431797884,21,1512.0,0.22052558659423613,21,1512.0
2565.0,35,211.0,2.971830985915493,5.32560227082082,35,1656.0,0.1473822831352627,35,1656.0
2570.0,41,410.0,5.616438356164384,5.050628981284019,41,1856.0,0.1266040446653648,41,1856.0
2575.0,32,393.0,5.779411764705882,4.655723397474351,32,1582.0,0.16748466220255528,32,1582.0
2580.0,13,89.0,1.3692307692307693,5.3241989139053665,11,1300.0,0.20544279094580073,11,1300.0
2585.0,13,61.0,0.9838709677419355,6.5296001041687255,11,1034.0,0.2563087873761597,11,1034.0
2590.0,18,135.0,2.076923076923077,7.3509146659041935,16,985.0,0.255944301801481,16,985.0
2595.0,10,53.0,0.7910447761194029,7.739675084568866,10,1006.0,0.2517350247038388,10,1006.0
2600.0,18,64.0,0.9552238805970149,7.9866936000325985,16,1066.0,0.23134196092564802,16,1066.0
2605.0,12,53.0,0.8983050847457628,7.3073064993994805,12,861.0,0.2927249058545469,12,861.0
2610.0,6,20.0,0.35714285714285715,8.173934244916651,6,640.0,0.3592594439572198,6,640.0
2615.0,3,18.0,0.3333333333333333,9.409303896173524,3,288.0,0.5072838692886179,3,288.0
2620.0,4,34.0,0.6538461538461539,9.020239883402912,4,157.0,0.44428457280624484,4,157.0
2625.0,10,70.0,1.4285714285714286,8.249947820120353,8,173.0,0.3268788439471742,8,173.0
2630.0,12,107.0,2.2291666666666665,7.250771287722185,12,186.0,0.21663423106125212,12,186.0
2635.0,10,146.0,3.2444444444444445,7.312686853993242,10,189.0,0.24676727714899147,10,189.0
2640.0,4,21.0,0.4772727272727273,7.82395888683999,4,107.0,0.35153081041728945,4,107.0
2645.0,9,33.0,0.7857142857142857,8.044825853196537,8,98.0,0.35494771915123124,8,98.0
2650.0,8,33.0,0.7857142857142857,8.352098166824744,8,104.0,0.4283780972256378,8,104.0
2655.0,7,32.0,0.7619047619047619,8.64697191315487,6,114.0,0.44175370769862515,6,114.0
2660.0,6,46.0,1.069767441860465,8.746659410032086,5,117.0,0.45531895212504236,5,117.0
2665.0,4,14.0,0.34146341463414637,7.804353831603044,4,73.0,0.3446628445264611,4,73.0
2670.0,8,23.0,0.5897435897435898,7.626636033731058,7,76.0,0.3718142360141827,7,76.0
2675.0,8,26.0,0.65,8.288893214645178,8,88.0,0.37617746242293804,8,88.0
2680.0,7,37.0,0.925,8.30531003568702,7,101.0,0.3450488813352243,7,101.0
2685.0,5,16.0,0.41025641025641024,8.21156389022821,5,92.0,0.36956435758324957,5,92.0
2690.0,5,19.0,0.48717948717948717,8.739529225299881,5,76.0,0.427983205406067,5,76.0
2695.0,9,56.0,1.435897435897436,8.264425846769589,8,105.0,0.3393721500209349,8,105.0
2700.0,13,115.0,2.875,8.852014319512463,12,160.0,0.38782145832057874,12,160.0
2705.0,13,171.0,4.384615384615385,8.022053020747588,13,221.0,0.3110196238984827,13,221.0
2710.0,8,121.0,3.1842105263157894,7.80134726098067,8,189.0,0.34785064715193564,8,189.0
2715.0,8,51.0,1.3783783783783783,8.010043227223271,7,226.0,0.3048619285052192,7,226.0
2720.0,2,5.0,0.1388888888888889,8.467119343305097,2,226.0,0.40805724492973894,2,226.0
2725.0,7,29.0,0.7837837837837838,8.639886815906998,7,243.0,0.4600008951147505,7,243.0
2730.0,14,84.0,2.27027027027027,7.291910771508861,13,294.0,0.2938417536271382,13,294.0
2735.0,16,154.0,4.277777777777778,6.684513484760136,16,368.0,0.3129558387883197,16,368.0
2740.0,10,111.0,3.0833333333333335,5.850893859649607,10,332.0,0.33097026324046663,10,332.0
2745.0,10,59.0,1.5945945945945945,6.944718855332004,8,352.0,0.3859013030365459,8,352.0
2750.0,8,57.0,1.4615384615384615,7.664511501642187,7,371.0,0.37305221053126153,7,371.0
2755.0,10,77.0,1.8333333333333333,8.062614162955379,10,347.0,0.40407534213699314,10,347.0
2760.0,2,2.0,0.045454545454545456,7.959301714752216,2,311.0,0.3697475892668963,2,311.0
2765.0,8,29.0,0.6744186046511628,8.537990674548622,7,322.0,0.3853222300734508,7,322.0
2770.0,10,72.0,1.6744186046511629,8.738455898133356,10,368.0,0.3939100504987961,10,368.0
2775.0,14,133.0,3.2439024390243905,8.500251164258206,14,429.0,0.3497526942652525,14,429.0
2780.0,14,203.0,5.342105263157895,7.527607774816943,14,499.0,0.29622329856510093,14,499.0
2785.0,17,284.0,7.282051282051282,6.479167029744358,17,580.0,0.29797538088355463,17,580.0
2790.0,21,381.0,10.026315789473685,5.2913509898286515,21,677.0,0.2049276090573422,21,677.0
2795.0,24,496.0,13.405405405405405,4.373269208658629,24,792.0,0.1880082676580239,24,792.0
2800.0,25,618.0,15.846153846153847,4.52298740138252,25,914.0,0.2146756332850559,25,914.0
2805.0,26,745.0,17.738095238095237,4.278185882500467,26,1041.0,0.19019875774320602,26,1041.0
2810.0,29,884.0,21.047619047619047,3.3379111529437515,29,1180.0,0.14720140649943805,29,1180.0
2815.0,31,1038.0,23.066666666666666,3.836414399684263,31,1334.0,0.17799164473950838,31,1334.0
2820.0,33,1199.0,25.51063829787234,3.4747768174352487,33,1495.0,0.1503846228376448,33,1495.0
2825.0,36,1374.0,27.48,3.570394281948223,36,1670.0,0.1356728438693454,36,1670.0
2830.0,36,1554.0,29.32075471698113,3.6764646364306253,36,1850.0,0.1533839115024892,36,1850.0
2835.0,39,1746.0,33.57692307692308,2.9729852970972575,39,2042.0,0.13967706246463155,39,2042.0
2840.0,41,1947.0,35.4,2.9344924483981925,41,2243.0,0.12391129913663508,41,2243.0
2845.0,44,2162.0,37.92982456140351,2.876756665195053,44,2458.0,0.14238916532528823,44,2458.0
2850.0,47,2386.0,40.440677966101696,2.2246774435119074,47,2682.0,0.08405531631983,47,2682.0
2855.0,48,2626.0,42.354838709677416,2.7208519178111414,48,2922.0,0.104495884275952,48,2922.0
2860.0,38,1842.0,28.338461538461537,3.2698799319181777,38,2554.0,0.14112929456357493,38,2554.0
2865.0,17,562.0,8.646153846153846,4.711688547122467,15,2165.0,0.18745313847800607,15,2165.0
2870.0,12,140.0,2.08955223880597,5.267925356023942,12,2209.0,0.21367539599035534,12,2209.0
2875.0,19,72.0,1.0588235294117647,5.1525298742176995,19,2256.0,0.1680628778128275,19,2256.0
2880.0,21,85.0,1.1971830985915493,5.900959941096614,21,1898.0,0.20503487602350853,21,1898.0
2885.0,12,42.0,0.5833333333333334,6.916173828590404,10,1645.0,0.2850542769898917,10,1645.0
2890.0,10,25.0,0.36764705882352944,6.6704216367675535,10,1686.0,0.2650289439429028,10,1686.0
2895.0,19,74.0,1.121212121212121,6.1893146010172355,19,1747.0,0.2041298966602394,19,1747.0
2900.0,28,190.0,2.923076923076923,5.74760520459067,28,1855.0,0.14955618122283706,28,1855.0
2905.0,34,344.0,5.375,5.392970080005172,34,2010.0,0.13268450937230516,34,2010.0
2910.0,38,531.0,8.564516129032258,4.931365502540724,38,2197.0,0.1636948283360461,38,2197.0
2915.0,40,727.0,12.322033898305085,3.787229379176724,40,2393.0,0.10654498715869472,40,2393.0
2920.0,42,933.0,15.295081967213115,4.154695943732289,42,2599.0,0.1608725267291318,42,2599.0
2925.0,43,1146.0,19.75862068965517,2.9657642069310337,43,2812.0,0.13453409516313772,43,2812.0
2930.0,46,1368.0,22.42622950819672,2.7575859465199124,46,3034.0,0.10630088977752328,46,3034.0
2935.0,48,1608.0,25.523809523809526,2.7228832174676616,48,3274.0,0.11173507980752004,48,3274.0
2940.0,49,1852.0,28.9375,2.949119156986005,49,3518.0,0.13524398870662574,49,3518.0
2945.0,50,2099.0,31.328358208955223,3.0236713018339336,50,3765.0,0.1151715284313314,50,3765.0
2950.0,51,2350.0,34.55882352941177,2.6370319572068657,51,4016.0,0.08714925144940083,51,4016.0
2955.0,42,1832.0,26.17142857142857,3.4630836909724048,42,3570.0,0.13378278004084257,42,3570.0
2960.0,19,663.0,9.082191780821917,5.959220110265572,18,2873.0,0.2605244165850461,18,2873.0
2965.0,14,202.0,2.72972972972973,6.9945959209623325,12,2527.0,0.28031404534807114,12,2527.0
2970.0,16,129.0,1.7432432432432432,7.330015468428672,14,2355.0,0.25967454893438724,14,2355.0
2975.0,12,73.0,0.9864864864864865,7.185668138191657,12,2376.0,0.2129026568972811,12,2376.0
2980.0,23,93.0,1.273972602739726,7.455871669152855,22,2437.0,0.2274103720789865,22,2437.0
2985.0,13,65.0,0.9285714285714286,7.3676608870652895,13,2061.0,0.24216039391421845,13,2061.0
2990.0,11,27.0,0.4426229508196721,7.352885856256491,9,1922.0,0.24389907402021532,9,1922.0
2995.0,8,44.0,0.7586206896551724,7.967308830812935,8,1708.0,0.352988957949514,8,1708.0
3000.0,7,63.0,1.125,8.37286590622685,7,1297.0,0.36581992888557924,7,1297.0
3005.0,11,110.0,2.0754716981132075,8.179090690917068,10,983.0,0.3346606569769422,10,983.0
3010.0,12,170.0,3.207547169811321,8.30430233942028,11,711.0,0.3786240952940821,11,711.0
3015.0,14,225.0,4.5,8.174926868977089,14,510.0,0.3793970307774647,14,510.0
3020.0,5,78.0,1.6595744680851063,8.31100055561691,5,355.0,0.4595259817360419,5,355.0
3025.0,6,15.0,0.3191489361702128,7.889153101234032,5,266.0,0.36930282531381936,5,266.0
3030.0,13,74.0,1.6444444444444444,8.119223152935264,12,292.0,0.33265194784029456,12,292.0
3035.0,12,111.0,2.466666666666667,8.131149949292524,12,332.0,0.30770848290858377,12,332.0
3040.0,12,160.0,3.6363636363636362,8.957756870113961,12,363.0,0.402782699130516,12,363.0
3045.0,6,74.0,1.6818181818181819,8.57359241275549,6,258.0,0.45278158409750435,6,258.0
3050.0,6,20.0,0.5,9.006516215083513,5,226.0,0.5266030095005045,5,226.0
3055.0,3,8.0,0.2,8.102224998242976,3,227.0,0.3765327421101523,3,227.0
3060.0,7,22.0,0.55,8.408484548979875,6,250.0,0.32661232834406784,6,250.0
3065.0,9,55.0,1.375,8.445932601940862,9,282.0,0.34253387420537207,9,282.0
3070.0,7,47.0,1.175,8.026517031649565,7,207.0,0.37352018948339283,7,207.0
3075.0,4,17.0,0.4473684210526316,8.543579562088254,4,227.0,0.43748644773343975,4,227.0
3080.0,5,19.0,0.5277777777777778,8.151495735748693,5,234.0,0.4206776141132335,5,234.0
3085.0,7,39.0,1.0833333333333333,8.16594393847588,7,254.0,0.423817475289606,7,254.0
3090.0,5,34.0,0.918918918918919,9.43771311086566,5,169.0,0.5007421849078635,5,169.0
3095.0,3,11.0,0.2972972972972973,10.274355137525026,3,80.0,0.5871356206947056,3,80.0
3100.0,4,7.0,0.1891891891891892,10.127252778748772,4,76.0,0.6007693812087425,4,76.0
3105.0,5,25.0,0.6944444444444444,10.289403654558605,5,87.0,0.6014540921595611,5,87.0
3110.0,3,11.0,0.3142857142857143,10.243526927545766,3,60.0,0.6410652034473651,3,60.0
3115.0,5,21.0,0.6176470588235294,10.570630966548881,4,75.0,0.647589300029625,4,75.0
3120.0,2,10.0,0.29411764705882354,9.16681520062293,2,84.0,0.5464644734214689,2,84.0
3125.0,6,18.0,0.5454545454545454,9.032273988811616,6,91.0,0.4865056065763004,6,91.0
3130.0,2,7.0,0.2,9.913767702976328,2,53.0,0.6652177242325846,2,53.0
3135.0,7,23.0,0.6764705882352942,9.518928797333354,6,72.0,0.540428666798619,6,72.0
3140.0,7,47.0,1.3823529411764706,8.939503065539562,7,63.0,0.4560029104218881,7,63.0
3145.0,1,7.0,0.20588235294117646,9.395306372619082,1,33.0,0.61190597783402,1,33.0
3150.0,1,1.0,0.027777777777777776,10.22360287987058,1,16.0,0.6439170972022124,1,16.0
3155.0,2,7.0,0.20588235294117646,10.865527723338035,2,22.0,0.6651515137999502,2,22.0
3160.0,4,25.0,0.7352941176470589,11.285784015063514,4,40.0,0.6419581513178706,4,40.0
3165.0,2,3.0,0.09090909090909091,10.856399608648807,2,15.0,0.7263683228993097,2,15.0
3170.0,2,8.0,0.25806451612903225,10.905388589221827,1,21.0,0.6867264149962883,1,21.0
3175.0,3,10.0,0.3225806451612903,10.795255034496133,3,25.0,0.6664577557820747,3,25.0
3180.0,5,30.0,1.0714285714285714,9.502802312791811,5,45.0,0.48719058197966064,5,45.0
3185.0,8,65.0,2.2413793103448274,8.979254582055436,8,80.0,0.4523466721976228,8,80.0
3190.0,2,9.0,0.2903225806451613,8.400093974490613,2,29.0,0.48512452012536816,2,29.0
3195.0,5,15.0,0.46875,10.065066353118173,3,38.0,0.5955289192030431,3,38.0
3200.0,6,32.0,1.032258064516129,10.195600519193848,5,51.0,0.5598078248971542,5,51.0
3205.0,1,1.0,0.03225806451612903,10.033126831135414,1,50.0,0.6416762592091612,1,50.0
3210.0,4,18.0,0.5625,10.790144620974935,4,67.0,0.6545220691184698,4,67.0
3215.0,6,45.0,1.5,10.21495809589145,6,94.0,0.6271271781778944,6,94.0
3220.0,8,78.0,2.5161290322580645,8.048692213058388,8,127.0,0.4179533525937742,8,127.0
3225.0,13,136.0,4.25,7.2286304104608154,13,185.0,0.3483280937612094,13,185.0
3230.0,14,205.0,6.833333333333333,6.118320262656523,14,254.0,0.3189932816677206,14,254.0
3235.0,16,282.0,8.545454545454545,6.773352459328482,16,331.0,0.3864308326062045,16,331.0
3240.0,18,367.0,10.485714285714286,6.303647871782686,18,416.0,0.3723059481329657,18,416.0
3245.0,18,457.0,12.35135135135135,5.825755057528474,18,506.0,0.3423390431825349,18,506.0
3250.0,22,557.0,14.282051282051283,5.31379407409448,22,606.0,0.30332682571093306,22,606.0
3255.0,25,672.0,16.390243902439025,4.987774000911317,25,721.0,0.246594100854452,25,721.0
3260.0,14,311.0,7.232558139534884,5.826276389244783,14,547.0,0.36434154330975543,14,547.0
3265.0,4,9.0,0.1956521739130435,7.317710315589746,2,366.0,0.43782865321761916,2,366.0
3270.0,4,9.0,0.1956521739130435,7.788582170085591,4,343.0,0.42015055765035686,4,343.0
3275.0,14,52.0,1.04,7.715117304561311,14,393.0,0.3358861255433629,14,393.0
3280.0,19,139.0,2.7254901960784315,7.460821019640521,19,480.0,0.2937269324384291,19,480.0
3285.0,10,82.0,1.5769230769230769,7.390546294780874,10,334.0,0.33984435526529144,10,334.0
3290.0,7,16.0,0.3333333333333333,7.584623878006236,5,213.0,0.3110465436393587,5,213.0
3295.0,9,33.0,0.6875,8.38330535971486,9,148.0,0.3594261956433239,9,148.0
3300.0,8,65.0,1.5116279069767442,8.875464969470062,7,120.0,0.45624209227966817,7,120.0
3305.0,6,8.0,0.17777777777777778,8.633215410451427,6,89.0,0.3850879584740805,6,89.0
3310.0,11,56.0,1.2173913043478262,9.349180667925669,10,122.0,0.40705084874052383,10,122.0
3315.0,2,18.0,0.42857142857142855,8.901192516529168,2,86.0,0.44270405635263976,2,86.0
3320.0,8,20.0,0.5128205128205128,9.052793982564785,6,100.0,0.4446796764747835,6,100.0
3325.0,1,2.0,0.05,8.640108735262649,1,87.0,0.4308494337354392,1,87.0
3330.0,6,23.0,0.5609756097560976,9.101785890613593,6,100.0,0.40170810070556445,6,100.0
3335.0,6,26.0,0.6842105263157895,7.992868395972789,6,77.0,0.3291976598214734,6,77.0
3340.0,6,24.0,0.6486486486486487,8.270824664029101,6,82.0,0.4336106960742999,6,82.0
3345.0,6,14.0,0.3888888888888889,8.022727907567411,6,87.0,0.4095411128644461,6,87.0
3350.0,10,45.0,1.25,8.292437614936008,9,106.0,0.3908336075403132,9,106.0
3355.0,4,18.0,0.4864864864864865,8.776158820409076,4,67.0,0.45258109724022993,4,67.0
3360.0,6,28.0,0.7368421052631579,9.470791357950407,6,57.0,0.44918927176257467,6,57.0
3365.0,2,6.0,0.16666666666666666,9.369633275439911,2,35.0,0.4604670979093784,2,35.0
3370.0,6,17.0,0.4722222222222222,9.04451901241376,6,55.0,0.43338603290410954,6,55.0
3375.0,5,13.0,0.38235294117647056,9.447782812697076,5,50.0,0.4860449465963888,5,50.0
3380.0,8,45.0,1.25,9.677690234127269,7,73.0,0.42354284380765544,7,73.0
3385.0,2,14.0,0.4,10.474366059471217,2,42.0,0.6768498649175073,2,42.0
3390.0,3,12.0,0.36363636363636365,10.928406503003751,2,50.0,0.6691918436952773,2,50.0
3395.0,2,5.0,0.15625,10.044612843849698,2,40.0,0.5660475319803944,2,40.0
3400.0,6,28.0,0.8484848484848485,9.43968633194965,6,63.0,0.5355503818116522,6,63.0
3405.0,2,14.0,0.4375,9.54447410074102,2,45.0,0.6093915943825707,2,45.0
3410.0,5,11.0,0.3333333333333333,9.942746127983671,4,23.0,0.6147828228210134,4,23.0
3415.0,2,2.0,0.0625,10.015611828553725,2,21.0,0.6577949324166301,2,21.0
3420.0,7,26.0,0.8125,9.322076056755705,6,41.0,0.5612298356509879,6,41.0
3425.0,3,5.0,0.15151515151515152,9.177463095095838,3,20.0,0.5639918750546674,3,20.0
3430.0,5,28.0,0.8,9.334370419615889,5,39.0,0.557624728730508,5,39.0
3435.0,10,62.0,1.8235294117647058,8.568702546387463,10,64.0,0.40044712151466677,10,64.0
3440.0,10,112.0,3.2,8.533598466846453,10,114.0,0.3990275028965856,10,114.0
3445.0,11,166.0,4.742857142857143,7.412960351568268,11,168.0,0.34224921396393154,11,168.0
3450.0,15,235.0,6.527777777777778,6.776460329308201,15,237.0,0.3040807741188732,15,237.0
3455.0,17,316.0,9.575757575757576,5.37643290360829,17,318.0,0.271775648218348,17,318.0
3460.0,21,411.0,11.742857142857142,3.9468600143701615,21,413.0,0.18994746374285745,21,413.0
3465.0,14,145.0,4.027777777777778,4.284143888650191,14,298.0,0.232302416219823,14,298.0
3470.0,5,15.0,0.39473684210526316,6.587341892912233,3,176.0,0.3317204829035909,3,176.0
3475.0,4,10.0,0.24390243902439024,7.65708337563595,4,195.0,0.38611531133635063,4,195.0
3480.0,13,53.0,1.2045454545454546,8.134782442318253,13,246.0,0.24657447388802048,13,246.0
3485.0,16,130.0,2.765957446808511,8.53431639257167,16,323.0,0.2839229578683251,16,323.0
3490.0,8,78.0,1.6595744680851063,8.615982153811784,8,234.0,0.3817641135768812,8,234.0
3495.0,4,9.0,0.21428571428571427,8.768284029684738,2,148.0,0.45243244599772114,2,148.0
3500.0,8,39.0,1.0263157894736843,8.741417961350443,7,156.0,0.4296097457510802,7,156.0
3505.0,4,27.0,0.675,9.562045070313449,4,83.0,0.5478650675368596,4,83.0
3510.0,2,2.0,0.05128205128205128,9.449164502545845,2,74.0,0.5064185336681759,2,74.0
3515.0,8,32.0,0.7619047619047619,9.959076130298104,7,95.0,0.4775874632228831,7,95.0
3520.0,4,19.0,0.5277777777777778,8.960109362195151,4,74.0,0.47202020356081476,4,74.0
3525.0,7,32.0,0.8648648648648649,9.491923061218898,6,85.0,0.5101088664254614,6,85.0
3530.0,4,8.0,0.2222222222222222,9.7478191054649,4,68.0,0.56952886388147,4,68.0
3535.0,5,23.0,0.6571428571428571,9.898484464372943,4,86.0,0.5560568033787363,4,86.0
3540.0,3,5.0,0.1388888888888889,9.439010215013205,3,54.0,0.49940003267243055,3,54.0
3545.0,8,28.0,0.8,8.740278479489865,8,81.0,0.3979627061173123,8,81.0
3550.0,5,20.0,0.5714285714285714,9.161995544398032,5,70.0,0.5632455548727126,5,70.0
3555.0,4,23.0,0.696969696969697,8.489591745527967,4,87.0,0.43241580918079014,4,87.0
3560.0,4,20.0,0.5882352941176471,9.486725930090547,4,68.0,0.5622061515043916,4,68.0
3565.0,6,30.0,0.8823529411764706,10.343430389424993,6,63.0,0.612170259080897,6,63.0
3570.0,2,20.0,0.5882352941176471,10.204536305528933,2,50.0,0.6623186568589351,2,50.0
3575.0,3,10.0,0.29411764705882354,10.434953301505447,3,20.0,0.6214228378529006,3,20.0
3580.0,1,2.0,0.05555555555555555,10.36643249497011,1,21.0,0.6842227097792194,1,21.0
3585.0,4,17.0,0.4722222222222222,9.773688110593778,3,29.0,0.5941066210304528,3,29.0
3590.0,9,38.0,1.1176470588235294,8.530710913194019,9,61.0,0.4036242329013108,9,61.0
3595.0,2,7.0,0.2,8.720352748415577,2,35.0,0.5224928159509495,2,35.0
3600.0,8,31.0,0.8857142857142857,9.239633906219629,7,48.0,0.41483900506472343,7,48.0
